SubmissionDate,country,district,county,sub_county,zone,woreda,kebele,village,field_technician_name,field_technician_no,sampled_farmer_name,farmer_contact,estimated_farm_size,weather_condition,other_weather_condition,crop,event,date_and_time,last_day_pesticide_use,other,chemical_ingredients,parasitoid_age,age_parasitoids_days,number_of_host,sampling_fruits_size,sampling_leaves_size,species_released_maize,species_released_tomato,stage_released,release_estimate,no_male_released,no_female_released,pest_pop_release,sample_size_pest_pop_release,pest_severity_release,no_dolichogenidea_gelechiidivoris,no_tuta_emerging,no_cotesia_flavipes,no_cotesia_sesamiae,no_chilo_partellus,no_buseola_fusca,no_indigenous_parasitoids,unique_id,generated_note_name_45,emerging_pest_monitoring,sample_size_pest_pop_monitoring,pest_severity_monitoring,action_recommendation,photo,gps-Latitude,gps-Longitude,gps-Altitude,gps-Accuracy,meta-instanceID,KEY,SubmitterID,SubmitterName,AttachmentsPresent,AttachmentsExpected,Status
2021-10-04T11:57:47.691Z,Uganda,Ka,,,,,,,Me,Ou,Uy,U,3.0,Foggy,,Tomato,1st_Monitoring,2021-09-25T11:23:00.000+03:00,,,,,,,2.0,4.0,,,,,,,,,,,,,,,,,Tomato/U/Uy,,,65,,Th,,0.384638,32.5550931,1274.8,4.963,uuid:ccd3119e-e62b-431e-908a-bb881855a9cb,uuid:ccd3119e-e62b-431e-908a-bb881855a9cb,304,NARO,0,0
2021-10-04T11:57:47.132Z,Uganda,Wakiso,,,,,,,Priscilla,0752210614,Nsamba,07999635,2.5,Cloudy,,Tomato,Release,2021-09-25T11:09:00.000+03:00,,,,Week,,,,,,Dolichogenidea_gelechiidivoris,Adult,,52,63,,36,,,,,,,,,Tomato/07999635/Nsamba,,,,,More parasitiods,,0.3898684,32.5511842,1178.3,4.716,uuid:7fcf4e1e-a7d0-466f-9045-9f4b4e0b5aa9,uuid:7fcf4e1e-a7d0-466f-9045-9f4b4e0b5aa9,304,NARO,0,0
2021-09-29T03:16:31.715Z,Uganda,Wakiso,Kyadondo,Busukuma,,,,Busu,Solim Ndakpaze,+254 0711616906,Nsamba Christopher(2),+2560772876111,0.125,Sunny,,Tomato,1st_Monitoring,2021-09-25T14:47:00.000+03:00,,,,,,,107.0,100.2,,,,,,,,,,,,,,,,,Tomato/+2560772876111/Nsamba Christopher(2),,,150,,Tomato growing area. The parasitoids were not released here. ,,0.5434102,32.6013864,1132.4416078320323,4.8,uuid:1945c38c-fc93-4dda-bc48-89ce74d485dd,uuid:1945c38c-fc93-4dda-bc48-89ce74d485dd,326,Paul Ndakpaze,0,0
2021-09-29T03:16:31.221Z,Uganda,Wakiso,Kyadondo,Busukuma,,,,Busu,Solim NDAKPAZE,+254711616906,Nsamba christopher (1),+2560772876111,0.5,Sunny,,Tomato,1st_Monitoring,2021-09-25T14:00:00.000+03:00,,,,,,,0.0,60.0,,,,,,,,,,,,,,,,,Tomato/+2560772876111/Nsamba christopher (1),,,390,,It was the release site. The farm has been destroyed by Tuta  absoluta and abandoned by The farmer. No tomato fruit for sampling. The area is swampy. Most likely he Will farm in February next year,,0.54629,32.6038205,1227.1933221381084,4.0,uuid:1a30f134-240b-4163-9f1b-276e2eb50552,uuid:1a30f134-240b-4163-9f1b-276e2eb50552,326,Paul Ndakpaze,0,0
