SubmissionDate,Enumerator,Collection_Date,gps-Latitude,gps-Longitude,gps-Altitude,gps-Accuracy,Plot_unique_id,CroppingSystem-Cropping_System,CroppingSystem-Crop,CroppingSystem-Other_crop,CroppingSystem-Percentage_maize,CroppingSystem-Percentage_sorghum,CroppingSystem-Percentage_legume,CroppingSystem-Percentage_root_tubers,CroppingSystem-Percentage_rice,CroppingSystem-Percentage_sugar_cane,CroppingSystem-Crop_type,CroppingSystem-Other_Crop_type,CroppingSystem-Crop_stage,CroppingSystem-Cropping_comments,Overview_photos-Photo1,Overview_photos-Overview_photo2,Canopy_photos-Canopy_photo1,Canopy_photos-Canopy_photo2,General_Comments,meta-instanceID,KEY,SubmitterID,SubmitterName,AttachmentsPresent,AttachmentsExpected,Status
2021-11-26T08:14:53.919Z,Tobias,2021-11-26T10:46:00.000+03:00,-0.2907283,35.2651617,1880.5178688958556,4.2,250,Monocropping,,,,,,,,,Maize,,Vegetative_maize,Grass in between,1637913287088.jpg,1637913299049.jpg,1637913312471.jpg,1637913329161.jpg,"To west, 2 meters from farm",uuid:8b70d990-dd4b-4967-896d-c60bd7e55ac9,uuid:8b70d990-dd4b-4967-896d-c60bd7e55ac9,337,Bester RSS2,4,4
2021-11-26T08:14:15.703Z,Tobias,2021-11-26T10:33:00.000+03:00,-0.3170992,35.2153745,2017.5577684461368,4.85,249,Monocropping,,,,,,,,,Maize,,Harvesting,Harvested about 3 weeks Go,1637912119550.jpg,1637912129406.jpg,1637912141258.jpg,1637912154588.jpg,North east,uuid:f0b2ff85-5865-44e0-8dc3-6b5639aa15f9,uuid:f0b2ff85-5865-44e0-8dc3-6b5639aa15f9,337,Bester RSS2,4,4
2021-11-26T08:13:59.640Z,Tobias,2021-11-26T10:19:00.000+03:00,-0.3081567,35.1614167,1790.2797112874118,4.3,248,Monocropping,,,,,,,,,Sugar_Cane,,Vegetative_maize,Mixedstages,1637911276450.jpg,1637911291963.jpg,1637911308673.jpg,1637911323400.jpg,To north,uuid:a060af67-691c-447c-ab45-341f8ef5b407,uuid:a060af67-691c-447c-ab45-341f8ef5b407,337,Bester RSS2,4,4
2021-11-26T08:13:35.361Z,Tobias,2021-11-26T10:08:00.000+03:00,-0.2854623,35.160795,1673.0817479060613,4.02,247,Monocropping,,,,,,,,,Maize,,Vegetative_maize,Early stage,1637910613557.jpg,1637910624099.jpg,1637910634898.jpg,1637910644954.jpg,"To south west, fall army worm infested",uuid:cb5c8ecf-e1ea-4bfe-a387-7dc7e83f4afb,uuid:cb5c8ecf-e1ea-4bfe-a387-7dc7e83f4afb,337,Bester RSS2,4,4
2021-11-26T08:13:20.605Z,Tobias,2021-11-26T10:00:00.000+03:00,-0.2779867,35.1605517,1623.7452866697893,3.9,246,Monocropping,,,,,,,,,Sugar_Cane,,Vegetative_maize,,1637910144935.jpg,1637910156896.jpg,1637910194352.jpg,1637910207616.jpg,Tonorth west,uuid:7a4fc869-44b7-4f14-9fb1-3e50f1c97d1e,uuid:7a4fc869-44b7-4f14-9fb1-3e50f1c97d1e,337,Bester RSS2,4,4
2021-11-26T08:12:39.510Z,Tobias,2021-11-26T09:46:00.000+03:00,-0.2243569,35.154945,1385.6586212444793,4.8,245,Monocropping,,,,,,,,,Sugar_Cane,,Vegetative_maize,Tall,1637909275399.jpg,1637909286799.jpg,1637909313551.jpg,1637909323983.jpg,To east,uuid:3a4ab9fd-200e-498d-850a-5d056b0bf86b,uuid:3a4ab9fd-200e-498d-850a-5d056b0bf86b,337,Bester RSS2,4,4
2021-11-26T08:12:19.728Z,Tobias,2021-11-26T09:37:00.000+03:00,-0.209712,35.1540644,1349.5143337539307,4.833,245,Monocropping,,,,,,,,,Maize,,Harvesting,Before harvested,1637908707813.jpg,1637908721433.jpg,1637908736945.jpg,1637908764618.jpg,To north,uuid:a72dac29-3a35-46d5-9f23-7011c8d93ee5,uuid:a72dac29-3a35-46d5-9f23-7011c8d93ee5,337,Bester RSS2,4,4
2021-11-26T01:22:58.999Z,Tobias,2021-11-25T13:03:00.000+03:00,-0.044901,35.1702463,1325.468976537573,4.22,228,Monocropping,,,,,,,,,Sugar_Cane,,Vegetative_maize,Near harvest,1637834777734.jpg,1637834789722.jpg,1637834805921.jpg,1637834825065.jpg,To East: weeds infested,uuid:844a36ad-458f-4247-a85d-b8ddc717c6a1,uuid:844a36ad-458f-4247-a85d-b8ddc717c6a1,337,Bester RSS2,4,4
2021-11-26T01:22:37.283Z,Tobias,2021-11-25T13:00:00.000+03:00,-0.0391549,35.1785112,1364.9940903151708,4.5,227,Monocropping,,,,,,,,,Sugar_Cane,,Emergence,,1637834519484.jpg,1637834528296.jpg,1637834538428.jpg,1637834547859.jpg,"To west

",uuid:12b6a4fc-28b9-481b-b179-ce2a992b51b2,uuid:12b6a4fc-28b9-481b-b179-ce2a992b51b2,337,Bester RSS2,4,4
2021-11-26T01:22:07.925Z,Tobias,2021-11-25T12:54:00.000+03:00,-0.0307749,35.1785392,1327.4585541859356,4.76,226,Intercrop,Maize Legume,,80,,15,,,,,,Vegetative_maize,Tasseling and floral,1637834160135.jpg,1637834170457.jpg,1637834180877.jpg,1637834190124.jpg,To south,uuid:600af295-d61b-44de-af53-57965025966f,uuid:600af295-d61b-44de-af53-57965025966f,337,Bester RSS2,4,4
2021-11-26T01:21:45.245Z,Tobias,2021-11-25T12:18:00.000+03:00,-0.0832953,35.1193869,1240.7710684951398,4.94,225,Monocropping,,,,,,,,,Sugar_Cane,,Vegetative_maize,,1637832027333.jpg,1637832035477.jpg,1637832048138.jpg,1637832056524.jpg,To north,uuid:3e646ee9-14cc-42ad-ace2-57c230db9880,uuid:3e646ee9-14cc-42ad-ace2-57c230db9880,337,Bester RSS2,4,4
2021-11-26T01:21:21.554Z,Tobias,2021-11-25T11:18:00.000+03:00,-0.0551077,35.027381,1212.126534092999,4.78,214,Monocropping,,,,,,,,,Sugar_Cane,,Vegetative_maize,Weeds infested with,1637828426932.jpg,1637828437750.jpg,1637828455671.jpg,1637828466545.jpg,North to,uuid:56e55d1a-d43f-4913-ac4b-28a829576343,uuid:56e55d1a-d43f-4913-ac4b-28a829576343,337,Bester RSS2,4,4
2021-11-25T22:21:54.282Z,Tobias,2021-11-25T17:11:00.000+03:00,-0.2220395,34.958076,1158.5023254075195,4.2,243,Monocropping,,,,,,,,,Maize,,Vegetative_maize,"Tasseling and floral , weeds",1637849980047.jpg,1637849987298.jpg,1637849996437.jpg,1637850004612.jpg,"To East ,striga present",uuid:c9e29638-57b5-4acd-967d-7a10f8e8faf0,uuid:c9e29638-57b5-4acd-967d-7a10f8e8faf0,337,Bester RSS2,4,4
2021-11-25T22:21:48.330Z,Tobias,2021-11-25T16:59:00.000+03:00,-0.2383965,34.9574357,1148.5454245100514,4.8,242,Monocropping,,,,,,,,,Maize,,Vegetative_maize,"Near harvest, 2nd cycle",1637849031831.jpg,1637849047053.jpg,1637849060286.jpg,1637849072916.jpg,To east,uuid:79e03916-d119-4324-a9e3-b43aceba175f,uuid:79e03916-d119-4324-a9e3-b43aceba175f,337,Bester RSS2,4,4
2021-11-25T22:21:39.780Z,Tobias,2021-11-25T16:19:00.000+03:00,-0.3363737,35.0050062,1317.4353302599623,4.98,241,Monocropping,,,,,,,,,Maize,,Vegetative_maize,Striga infested,1637847776845.jpg,1637847785602.jpg,1637847796349.jpg,1637847805800.jpg,To south east,uuid:50e69bc6-d8f2-4b21-91dd-a1dcc48a9a24,uuid:50e69bc6-d8f2-4b21-91dd-a1dcc48a9a24,337,Bester RSS2,4,4
2021-11-25T22:21:33.395Z,Tobias,2021-11-25T15:55:00.000+03:00,-0.4091127,35.0364939,1674.9331377756785,4.975,240,Monocropping,,,,,,,,,Maize,,Vegetative_maize,Young,1637846308787.jpg,1637846317485.jpg,1637846328856.jpg,1637846337423.jpg,To south east,uuid:4da83be6-746b-48b7-925c-7e1423065dab,uuid:4da83be6-746b-48b7-925c-7e1423065dab,337,Bester RSS2,4,4
2021-11-25T22:21:26.489Z,Tobias,2021-11-25T15:53:00.000+03:00,-0.4047046,35.0797412,1805.927909422925,4.54,239,Monocropping,,,,,,,,,Maize,,Harvesting,Long time back harvested,1637844860361.jpg,1637844868942.jpg,1637844882039.jpg,1637844890906.jpg,To south; heavily weed infested,uuid:ae24f012-8090-4d16-bbd8-cf5334ba8683,uuid:ae24f012-8090-4d16-bbd8-cf5334ba8683,337,Bester RSS2,4,4
2021-11-25T22:21:20.105Z,Tobias,2021-11-25T14:10:00.000+03:00,-0.383243,35.1237292,1848.1974748590835,4.92,238,Monocropping,,,,,,,,,Maize,,Vegetative_maize,Tasseling and floral,1637843641536.jpg,1637843654091.jpg,1637843667846.jpg,1637843682067.jpg,To west,uuid:11538037-d696-4df4-81c6-db4763223783,uuid:11538037-d696-4df4-81c6-db4763223783,337,Bester RSS2,4,4
2021-11-25T22:21:14.209Z,Tobias,2021-11-25T14:05:00.000+03:00,-0.1436065,35.0829173,1258.1888790004668,4.98,237,Monocropping,,,,,,,,,Sugar_Cane,,Vegetative_maize,Young stand,1637838573267.jpg,1637838581855.jpg,1637838594159.jpg,1637838602726.jpg,To south east,uuid:952a26cf-6f3a-49ca-9ad1-376e7d8c20a9,uuid:952a26cf-6f3a-49ca-9ad1-376e7d8c20a9,337,Bester RSS2,4,4
2021-11-25T22:21:06.602Z,Tobias,2021-11-25T13:55:00.000+03:00,-0.1352452,35.0913516,1246.073919431876,3.9,236,Monocropping,,,,,,,,,Sugar_Cane,,Harvesting,,1637838222979.jpg,1637838233188.jpg,1637838242954.jpg,1637838259896.jpg,To north west,uuid:afb4c58e-04ab-4cd4-ab2b-0e90b81bd208,uuid:afb4c58e-04ab-4cd4-ab2b-0e90b81bd208,337,Bester RSS2,4,4
2021-11-25T22:21:00.324Z,Tobias,2021-11-25T13:50:00.000+03:00,-0.1028223,35.1187096,1255.5061145688264,4.4,235,Monocropping,,,,,,,,,Sugar_Cane,,Vegetative_maize,,1637837656708.jpg,1637837665185.jpg,1637837679156.jpg,1637837694233.jpg,To south east,uuid:36b14e4d-c2cb-4cd6-b1aa-c00af902b1b4,uuid:36b14e4d-c2cb-4cd6-b1aa-c00af902b1b4,337,Bester RSS2,4,4
2021-11-25T22:20:53.091Z,Tobias,2021-11-25T13:44:00.000+03:00,-0.0929113,35.1248709,1255.8641961652277,4.62,234,Monocropping,,,,,,,,,Sugar_Cane,,Vegetative_maize,,1637837318480.jpg,1637837334060.jpg,1637837343444.jpg,1637837352963.jpg,To west,uuid:de991c92-02c3-4080-a8ea-c9c905f301d3,uuid:de991c92-02c3-4080-a8ea-c9c905f301d3,337,Bester RSS2,4,4
2021-11-25T22:20:43.644Z,Tobias,2021-11-25T13:34:00.000+03:00,-0.0772942,35.1358584,1265.639819605537,4.86,233,Monocropping,,,,,,,,,Sugar_Cane,,Vegetative_maize,Boundary trees in o e side,1637836658485.jpg,1637836672187.jpg,1637836679853.jpg,1637836689698.jpg,To south west; some weeds,uuid:daf26e28-19f7-4aff-ac0e-91785c717591,uuid:daf26e28-19f7-4aff-ac0e-91785c717591,337,Bester RSS2,4,4
2021-11-25T22:20:35.042Z,Tobias,2021-11-25T13:25:00.000+03:00,-0.0704817,35.14166,1296.005160446464,4.8,232,Monocropping,,,,,,,,,Sugar_Cane,,Vegetative_maize,With some veg in between,1637836345721.jpg,1637836356926.jpg,1637836372819.jpg,1637836387932.jpg,To east,uuid:b82313ab-acce-4506-b88e-f4f0e3170141,uuid:b82313ab-acce-4506-b88e-f4f0e3170141,337,Bester RSS2,4,4
2021-11-25T22:20:28.379Z,Tobias,2021-11-25T13:20:00.000+03:00,-0.05895,35.1483187,1283.228773754086,4.48,231,Monocropping,,,,,,,,,Sugar_Cane,,Vegetative_maize,,1637835788018.jpg,1637835796948.jpg,1637835810931.jpg,1637835820281.jpg,"W
To East: weeds on edge",uuid:699f8adb-0b71-4bf6-b3e1-a8caa07a5366,uuid:699f8adb-0b71-4bf6-b3e1-a8caa07a5366,337,Bester RSS2,4,4
2021-11-25T21:37:09.659Z,Tobias,2021-11-25T13:13:00.000+03:00,-0.0534153,35.1537279,1304.5407393476585,4.775,230,Monocropping,,,,,,,,,Sugar_Cane,,Vegetative_maize,Early stage,1637835490283.jpg,1637835499166.jpg,1637835509333.jpg,1637835524977.jpg,North east ; weeds infested: possibly spraid,uuid:2e990ede-70cc-4fca-8742-fb124db48e44,uuid:2e990ede-70cc-4fca-8742-fb124db48e44,337,Bester RSS2,4,4
2021-11-25T21:36:53.296Z,Tobias,2021-11-25T13:08:00.000+03:00,-0.047121,35.1623399,1312.795366457282,5.0,229,Monocropping,,,,,,,,,Sugar_Cane,,Vegetative_maize,Weeds infested,1637835080444.jpg,1637835091397.jpg,1637835107013.jpg,1637835121068.jpg,To west,uuid:a763cb4c-6230-47b1-bd6a-1d3f03e7f36d,uuid:a763cb4c-6230-47b1-bd6a-1d3f03e7f36d,337,Bester RSS2,4,4
2021-11-25T20:13:29.086Z,Tobias,2021-11-25T12:13:00.000+03:00,-0.0810504,35.114538,1254.57833842722,4.9,224,Monocropping,,,,,,,,,Sugar_Cane,,Emergence,Towards vegetative,1637831798368.jpg,1637831807945.jpg,1637831817104.jpg,1637831826468.jpg,"To South we
West",uuid:57fd6087-a017-4392-a95b-6c4550bf7d14,uuid:57fd6087-a017-4392-a95b-6c4550bf7d14,337,Bester RSS2,4,4
2021-11-25T20:12:45.753Z,Tobias,2021-11-25T12:06:00.000+03:00,-0.078716,35.1092215,1239.8834713796653,4.883,223,Monocropping,,,,,,,,,Sugar_Cane,,Vegetative_maize,,1637831486054.jpg,1637831494614.jpg,1637831513085.jpg,1637831522088.jpg,To west,uuid:9fc4cf63-38fe-4103-b9a5-06a37694e412,uuid:9fc4cf63-38fe-4103-b9a5-06a37694e412,337,Bester RSS2,4,4
2021-11-25T20:12:11.403Z,Tobias,2021-11-25T12:01:00.000+03:00,-0.0738344,35.1007415,1246.333456087311,4.78,222,Monocropping,,,,,,,,,Sugar_Cane,,Vegetative_maize,,1637831096050.jpg,1637831106909.jpg,1637831128146.jpg,1637831136669.jpg,To south west,uuid:cfb5c8c3-49d7-499d-9aa4-7d96d1d2b5b7,uuid:cfb5c8c3-49d7-499d-9aa4-7d96d1d2b5b7,337,Bester RSS2,4,4
2021-11-25T20:11:41.998Z,Tobias,2021-11-25T11:57:00.000+03:00,-0.0705828,35.0953499,1243.3912873973138,4.933,221,Monocropping,,,,,,,,,Sugar_Cane,,Vegetative_maize,,1637830816321.jpg,1637830824749.jpg,1637830838958.jpg,1637830849185.jpg,North east,uuid:2d41af61-ae5d-46dc-a2fd-2a854836c49d,uuid:2d41af61-ae5d-46dc-a2fd-2a854836c49d,337,Bester RSS2,4,4
2021-11-25T20:11:11.283Z,Tobias,2021-11-25T11:51:00.000+03:00,-0.0673025,35.088693,1245.895274822692,4.66,220,Monocropping,,,,,,,,,Sugar_Cane,,Vegetative_maize,,1637830555382.jpg,1637830565427.jpg,1637830578015.jpg,1637830587070.jpg,To north east,uuid:ad29b261-7591-4510-90d6-5b2722309eaa,uuid:ad29b261-7591-4510-90d6-5b2722309eaa,337,Bester RSS2,4,4
2021-11-25T20:10:45.296Z,Tobias,2021-11-25T11:47:00.000+03:00,-0.0625318,35.0771925,1225.474918819211,4.92,219,Monocropping,,,,,,,,,Sugar_Cane,,Vegetative_maize,,1637830204788.jpg,1637830214468.jpg,1637830226291.jpg,1637830238799.jpg,To north east,uuid:ebff6872-5da6-436b-9aa0-91f51bf396a1,uuid:ebff6872-5da6-436b-9aa0-91f51bf396a1,337,Bester RSS2,4,4
2021-11-25T20:10:34.261Z,Tobias,2021-11-25T11:42:00.000+03:00,-0.0605983,35.0694938,1203.5011442054858,4.96,218,Monocropping,,,,,,,,,Sugar_Cane,,Vegetative_maize,,1637829942741.jpg,1637829954994.jpg,1637829970297.jpg,1637829989858.jpg,To South,uuid:830ceb55-c2b4-4e5f-80a3-b006c23c413d,uuid:830ceb55-c2b4-4e5f-80a3-b006c23c413d,337,Bester RSS2,4,4
2021-11-25T20:10:23.330Z,Tobias,2021-11-25T11:34:00.000+03:00,-0.0579662,35.0600021,1241.853390272977,4.72,217,Monocropping,,,,,,,,,Sugar_Cane,,Harvesting,,1637829611313.jpg,1637829635578.jpg,1637829655648.jpg,1637829667071.jpg,To south,uuid:5b0f4081-0beb-41ed-bf5b-503d7577ff4c,uuid:5b0f4081-0beb-41ed-bf5b-503d7577ff4c,337,Bester RSS2,4,4
2021-11-25T20:10:08.469Z,Tobias,2021-11-25T11:29:00.000+03:00,-0.0559226,35.0415067,1243.7055861848492,4.8,216,Monocropping,,,,,,,,,Sugar_Cane,,Vegetative_maize,,1637829172073.jpg,1637829186585.jpg,1637829197820.jpg,1637829211230.jpg,To south,uuid:f1b2106d-d31a-41ce-9f0b-4a1c2a432618,uuid:f1b2106d-d31a-41ce-9f0b-4a1c2a432618,337,Bester RSS2,4,4
2021-11-25T20:09:56.870Z,Tobias,2021-11-25T11:21:00.000+03:00,-0.0551813,35.0339086,1243.2956225684065,4.3,215,Monocropping,,,,,,,,,Sugar_Cane,,Emergence,,1637828793987.jpg,1637828803053.jpg,1637828812260.jpg,1637828820133.jpg,North north east to,uuid:27a3ff3d-f7f6-4e15-97a2-df7f5548c2e6,uuid:27a3ff3d-f7f6-4e15-97a2-df7f5548c2e6,337,Bester RSS2,4,4
2021-11-25T19:42:04.890Z,Tobias,2021-11-25T10:58:00.000+03:00,-0.0465449,35.0234811,1256.5685272446551,4.7,213,Monocropping,,,,,,,,,Sugar_Cane,,Emergence,Late emergence,1637827305479.jpg,1637827314760.jpg,1637827323375.jpg,1637827332149.jpg,North west,uuid:99b3f9f9-72db-4ebf-b134-5f880ed0469a,uuid:99b3f9f9-72db-4ebf-b134-5f880ed0469a,337,Bester RSS2,4,4
2021-11-25T19:40:42.279Z,Tobias,2021-11-25T10:54:00.000+03:00,-0.0542996,35.0193676,1215.3590174838916,4.64,212,Monocropping,,,,,,,,,Sugar_Cane,,Vegetative_maize,,1637827017222.jpg,1637827048160.jpg,1637827055805.jpg,1637827063995.jpg,To East,uuid:48cfedb7-a0c6-47e2-9b14-ca6cf8bbd343,uuid:48cfedb7-a0c6-47e2-9b14-ca6cf8bbd343,337,Bester RSS2,4,4
2021-11-25T19:39:33.274Z,Tobias,2021-11-25T10:51:00.000+03:00,-0.0547345,35.0096186,1211.233043424701,4.74,211,Monocropping,,,,,,,,,Sugar_Cane,,Vegetative_maize,Weeds infested,1637826729003.jpg,1637826737746.jpg,1637826749324.jpg,1637826760772.jpg,Tonorth,uuid:7c13b01a-fba4-46ea-a71d-d9dd9d6efe56,uuid:7c13b01a-fba4-46ea-a71d-d9dd9d6efe56,337,Bester RSS2,4,4
2021-11-25T19:34:36.450Z,Tobias,2021-11-25T10:36:00.000+03:00,-0.0552368,34.9863947,1232.7822491643096,4.96,210,Intercrop,Maize Legume,,85,,10,,,,,,Vegetative_maize,Tasseling and floral,1637826104973.jpg,1637826114260.jpg,1637826124783.jpg,1637826134174.jpg,To east,uuid:9aa2b78e-e395-440a-90d5-a97468eb0c39,uuid:9aa2b78e-e395-440a-90d5-a97468eb0c39,337,Bester RSS2,4,4
2021-11-25T19:32:53.971Z,Tobias,2021-11-25T10:32:00.000+03:00,-0.055101,34.9793583,1242.0282936072922,4.866,209,Monocropping,,,,,,,,,Maize,,Vegetative_maize,Tasseling floral stage,1637825628537.jpg,1637825638963.jpg,1637825651955.jpg,1637825665419.jpg,To east,uuid:031cf490-1ab4-40d5-ad51-d91b07ad7c97,uuid:031cf490-1ab4-40d5-ad51-d91b07ad7c97,337,Bester RSS2,4,4
2021-11-25T19:32:08.935Z,Tobias,2021-11-25T10:23:00.000+03:00,-0.0543946,34.9735035,1233.417294889681,4.875,208,Monocropping,,,,,,,,,Sugar_Cane,,Vegetative_maize,Weeds infested,1637825132979.jpg,1637825142376.jpg,1637825153114.jpg,1637825164786.jpg,To south,uuid:b83b7230-b5d8-48b5-8b76-edef64c42183,uuid:b83b7230-b5d8-48b5-8b76-edef64c42183,337,Bester RSS2,4,4
2021-11-25T19:30:35.365Z,Tobias,2021-11-25T10:12:00.000+03:00,-0.0570421,34.9683931,1226.7416463505338,4.58,207,Monocropping,,,,,,,,,Sugar_Cane,,Vegetative_maize,Weed infested,1637824819840.jpg,1637824827913.jpg,1637824836827.jpg,1637824847477.jpg,To west,uuid:9f5f3495-4b11-4252-a972-34a8d85940c6,uuid:9f5f3495-4b11-4252-a972-34a8d85940c6,337,Bester RSS2,4,4
2021-11-25T19:29:06.399Z,Tobias,2021-11-25T10:09:00.000+03:00,-0.0717568,34.9767099,1200.4753600846439,4.966,206,Monocropping,,,,,,,,,Sugar_Cane,,Vegetative_maize,Somewhat patchy,1637824263388.jpg,1637824273334.jpg,1637824288285.jpg,1637824299743.jpg,To West,uuid:b7a01cdf-f01d-479c-9247-da3f8da535a9,uuid:b7a01cdf-f01d-479c-9247-da3f8da535a9,337,Bester RSS2,4,4
2021-11-25T19:26:26.647Z,Tobias,2021-11-25T09:36:00.000+03:00,-0.1487822,34.9327284,1164.561721774907,3.9,205,Monocropping,,,,,,,,,Rice,,Harvesting,Harvestt in 2 week,1637822458865.jpg,1637822471371.jpg,1637822483856.jpg,1637822501522.jpg,To north west,uuid:51fef838-ed8a-4c4a-8f48-3ac8a19a1c18,uuid:51fef838-ed8a-4c4a-8f48-3ac8a19a1c18,337,Bester RSS2,4,4
2021-11-25T19:25:27.808Z,Tobias,2021-11-25T09:33:00.000+03:00,-0.1472398,34.9373683,1172.6725697837946,4.833,204,Monocropping,,,,,,,,,Rice,,Harvesting,Before,1637822116553.jpg,1637822125517.jpg,1637822134281.jpg,1637822145214.jpg,To South,uuid:c69789a2-8c48-4cb5-bd35-3b754f0e0f08,uuid:c69789a2-8c48-4cb5-bd35-3b754f0e0f08,337,Bester RSS2,4,4
2021-11-25T19:24:19.061Z,Tobias,2021-11-25T09:29:00.000+03:00,-0.1465589,34.9392724,1171.5900990124035,4.92,203,Monocropping,,,,,,,,,Rice,,Harvesting,Before harvested,1637821878381.jpg,1637821887234.jpg,1637821898107.jpg,1637821906649.jpg,Storm damage a little,uuid:0f3d9acc-9cab-4494-a723-4886753b763e,uuid:0f3d9acc-9cab-4494-a723-4886753b763e,337,Bester RSS2,4,4
2021-11-25T19:22:47.465Z,Tobias,2021-11-25T09:24:00.000+03:00,-0.1442245,34.9434163,1171.5549920903838,3.96,202,Monocropping,,,,,,,,,Rice,,Vegetative_maize,,1637821567802.jpg,1637821576786.jpg,1637821585380.jpg,1637821593578.jpg,To north west,uuid:26682c68-80a1-4ff9-98de-57100715b0d1,uuid:26682c68-80a1-4ff9-98de-57100715b0d1,337,Bester RSS2,4,4
2021-11-25T19:21:23.144Z,Tobias,2021-11-25T09:14:00.000+03:00,-0.1436662,34.9397019,1165.0683475362666,4.1,201,Monocropping,,,,,,,,,Rice,,Vegetative_maize,,1637821171847.jpg,1637821180759.jpg,1637821192353.jpg,1637821201878.jpg,To north west,uuid:588c24de-37a1-429c-9676-7dad64d54b2f,uuid:588c24de-37a1-429c-9676-7dad64d54b2f,337,Bester RSS2,4,4
2021-11-25T19:19:40.149Z,Tobias,2021-11-25T09:09:00.000+03:00,-0.1412553,34.9372474,1149.864393438812,4.985,200,Monocropping,,,,,,,,,Rice,,Harvesting,Before harvested,1637820742047.jpg,1637820751829.jpg,1637820762492.jpg,1637820772596.jpg,To west,uuid:472cdc64-ae50-4366-aead-61d1b251af75,uuid:472cdc64-ae50-4366-aead-61d1b251af75,337,Bester RSS2,4,4
2021-11-25T19:18:20.276Z,Tobias,2021-11-25T08:52:00.000+03:00,-0.1703011,34.9082352,1150.3296656143257,5.0,199,Monocropping,,,,,,,,,Rice,,Harvesting,Before harvest,1637819672157.jpg,1637819684494.jpg,1637819705320.jpg,1637819724042.jpg,To south east: leaves browning,uuid:66f8ae1e-17d7-452f-a0c3-79d45df3941d,uuid:66f8ae1e-17d7-452f-a0c3-79d45df3941d,337,Bester RSS2,4,4
2021-11-24T20:51:06.115Z,Tobias,2021-11-24T16:18:00.000+03:00,-0.1425426,34.9348247,1168.8688908425559,4.06,195,Monocropping,,,,,,,,,Rice,,Harvesting,,1637759982556.jpg,1637759990624.jpg,1637759999027.jpg,1637760007411.jpg,To west,uuid:322d009c-535f-46b2-ad71-99ce5db89b91,uuid:322d009c-535f-46b2-ad71-99ce5db89b91,337,Bester RSS2,4,4
2021-11-24T20:40:40.767Z,Tobias,2021-11-24T16:48:00.000+03:00,-0.1757467,34.8447483,1151.184250598837,3.9,198,Intercrop,Others Legume,Cotton and soya,,,50,,,,,,Vegetative_maize,Mixed arrangements,1637763959253.jpg,1637763966993.jpg,1637763975993.jpg,1637763985825.jpg,To south,uuid:0b163409-4393-4ea7-92ba-d135de8998b7,uuid:0b163409-4393-4ea7-92ba-d135de8998b7,337,Bester RSS2,4,4
2021-11-24T20:40:23.668Z,Tobias,2021-11-24T16:45:00.000+03:00,-0.1845569,34.8820688,1150.5145304128962,4.8,197,Monocropping,,,,,,,,,Rice,,Harvesting,Long time ago harvested,1637761644521.jpg,1637761652733.jpg,1637761660448.jpg,1637761667935.jpg,To north east,uuid:21df2eaf-ad54-426d-8706-301a26303be3,uuid:21df2eaf-ad54-426d-8706-301a26303be3,337,Bester RSS2,4,4
2021-11-24T20:40:01.726Z,Tobias,2021-11-24T16:40:00.000+03:00,-0.1838615,34.8797562,1152.155930348446,3.9,196,Monocropping,,,,,,,,,Rice,,Harvesting,Ready a while ago harvested,1637761355995.jpg,1637761364622.jpg,1637761373887.jpg,1637761385114.jpg,To South,uuid:20970a9b-cc55-4c88-a31e-46b7b0e1d018,uuid:20970a9b-cc55-4c88-a31e-46b7b0e1d018,337,Bester RSS2,4,4
2021-11-24T20:16:07.053Z,Tobias,2021-11-24T15:48:00.000+03:00,-0.1435117,34.932775,1166.308955648794,4.6,194,Monocropping,,,,,,,,,Rice,,Vegetative_maize,,1637759780974.jpg,1637759798533.jpg,1637759811179.jpg,1637759823810.jpg,To south,uuid:e9841e3a-295d-4fd9-bb12-04aa4ea1cf2d,uuid:e9841e3a-295d-4fd9-bb12-04aa4ea1cf2d,337,Bester RSS2,4,4
2021-11-24T20:15:16.729Z,Tobias,2021-11-24T15:46:00.000+03:00,-0.1933283,34.897535,1152.229283433713,4.2,193,Monocropping,,,,,,,,,Rice,,Vegetative_maize,,1637758054431.jpg,1637758063591.jpg,1637758074317.jpg,1637758082762.jpg,To west,uuid:27b2bdd8-9dda-4696-9aec-7bb35ed81ac7,uuid:27b2bdd8-9dda-4696-9aec-7bb35ed81ac7,337,Bester RSS2,4,4
2021-11-24T20:14:06.664Z,Tobias,2021-11-24T15:34:00.000+03:00,-0.1873832,34.8998246,1150.4453237279395,4.95,191,Monocropping,,,,,,,,,Rice,,Vegetative_maize,,1637757467480.jpg,1637757475606.jpg,1637757483650.jpg,1637757492394.jpg,To east,uuid:76b1430d-7ae0-40a9-bc65-67216148a067,uuid:76b1430d-7ae0-40a9-bc65-67216148a067,337,Bester RSS2,4,4
2021-11-24T20:13:12.393Z,Tobias,2021-11-24T15:31:00.000+03:00,-0.1854617,34.9004964,1147.6051092770213,4.7,190,Monocropping,,,,,,,,,Rice,,Vegetative_maize,,1637757210430.jpg,1637757219240.jpg,1637757229358.jpg,1637757238016.jpg,To east,uuid:0f94ae7d-2af5-4549-b843-fc1b48b62ff2,uuid:0f94ae7d-2af5-4549-b843-fc1b48b62ff2,337,Bester RSS2,4,4
2021-11-24T20:11:59.129Z,Tobias,2021-11-24T14:44:00.000+03:00,-0.1751706,34.906114,1163.7072389790048,4.24,183,Monocropping,,,,,,,,,Rice,,Harvesting,Before harvest,1637754319541.jpg,1637754330836.jpg,1637754339888.jpg,1637754351510.jpg,To east,uuid:9cfb1781-f30c-4077-9304-657c57bdb8bf,uuid:9cfb1781-f30c-4077-9304-657c57bdb8bf,337,Bester RSS2,4,4
2021-11-24T16:17:13.293Z,Tobias,2021-11-24T15:41:00.000+03:00,-0.1883642,34.8974682,1148.3224514722165,4.58,"192

",Monocropping,,,,,,,,,Rice,,Vegetative_maize,,1637757709888.jpg,1637757719107.jpg,1637757730805.jpg,1637757739764.jpg,To east,uuid:d26140af-425d-4324-b435-d9159893105e,uuid:d26140af-425d-4324-b435-d9159893105e,337,Bester RSS2,4,4
2021-11-24T15:31:12.782Z,Tobias,2021-11-24T15:28:00.000+03:00,-0.1826817,34.901305,1138.4060532325889,3.9,189,Monocropping,,,,,,,,,Rice,,Vegetative_maize,,1637756959402.jpg,1637756967916.jpg,1637756980308.jpg,1637756995488.jpg,To west,uuid:b42df876-b3f8-4087-8eec-4d35bffab8c9,uuid:b42df876-b3f8-4087-8eec-4d35bffab8c9,337,Bester RSS2,4,4
2021-11-24T15:31:01.374Z,Tobias,2021-11-24T15:13:00.000+03:00,-0.1821217,34.89832,1166.2597455883092,4.6,188,Monocropping,,,,,,,,,Rice,,Vegetative_maize,,1637756049165.jpg,1637756058071.jpg,1637756066779.jpg,1637756075144.jpg,To North,uuid:173f02ce-b951-4b7c-b1a6-65e9b120befd,uuid:173f02ce-b951-4b7c-b1a6-65e9b120befd,337,Bester RSS2,4,4
2021-11-24T15:30:50.229Z,Tobias,2021-11-24T15:08:00.000+03:00,-0.181325,34.8999633,1158.3734299624086,4.4,187,Monocropping,,,,,,,,,Rice,,Vegetative_maize,Mature,1637755749373.jpg,1637755757550.jpg,1637755765596.jpg,1637755775423.jpg,To north,uuid:1c6530b1-5c0d-45f7-a939-279211da0235,uuid:1c6530b1-5c0d-45f7-a939-279211da0235,337,Bester RSS2,4,4
2021-11-24T15:30:38.860Z,Tobias,2021-11-24T15:02:00.000+03:00,-0.1808433,34.90185,1166.7450454438276,4.5,186,Monocropping,,,,,,,,,Rice,,Vegetative_maize,,1637755392514.jpg,1637755403172.jpg,1637755413418.jpg,1637755421238.jpg,To north,uuid:a8a6df5c-8c29-4974-889f-bd6de84cf3d2,uuid:a8a6df5c-8c29-4974-889f-bd6de84cf3d2,337,Bester RSS2,4,4
2021-11-24T15:30:26.986Z,Tobias,2021-11-24T14:53:00.000+03:00,-0.1801101,34.9035397,1154.3573633291967,4.04,185,Monocropping,,,,,,,,,Rice,,Vegetative_maize,Too flooded,1637755018961.jpg,1637755027890.jpg,1637755043700.jpg,1637755053536.jpg,"To westt
",uuid:ea086164-c0f7-48ce-85fc-d8e19d2b9ed7,uuid:ea086164-c0f7-48ce-85fc-d8e19d2b9ed7,337,Bester RSS2,4,4
2021-11-24T15:30:13.919Z,Bester,2021-11-24T14:46:00.000+03:00,-0.178546,34.9051873,1151.2417884969318,3.9,184,Monocropping,,,,,,,,,Rice,,Harvesting,,1637754601906.jpg,1637754612817.jpg,1637754624773.jpg,1637754641943.jpg,"Toward south, still wet,flooded",uuid:e1d3e434-5d03-406d-b549-622a014d366c,uuid:e1d3e434-5d03-406d-b549-622a014d366c,337,Bester RSS2,4,4
2021-11-24T15:27:20.718Z,Tobias,2021-11-24T14:39:00.000+03:00,-0.1727655,34.9065397,1155.5042011392866,3.98,182,Monocropping,,,,,,,,,Rice,,Vegetative_maize,,1637754118189.jpg,1637754129887.jpg,1637754142084.jpg,1637754151366.jpg,To east,uuid:603de943-584f-4636-be23-0d4320669fb8,uuid:603de943-584f-4636-be23-0d4320669fb8,337,Bester RSS2,4,4
2021-11-24T15:27:09.353Z,Tobias,2021-11-24T13:57:00.000+03:00,-0.1471297,34.928792,1175.1147715403165,3.9,181,Monocropping,,,,,,,,,Rice,,Vegetative_maize,,1637751521799.jpg,1637751533353.jpg,1637751542308.jpg,1637751551100.jpg,To north west,uuid:80347bdb-e775-45dc-af60-4dfb89b526e3,uuid:80347bdb-e775-45dc-af60-4dfb89b526e3,337,Bester RSS2,4,4
2021-11-24T15:26:55.831Z,Tobias,2021-11-24T13:53:00.000+03:00,-0.1486257,34.9269314,1158.206914473826,3.9,180,Monocropping,,,,,,,,,Rice,,Vegetative_maize,,1637751337511.jpg,1637751346222.jpg,1637751355929.jpg,1637751365199.jpg,To north west very homogeneous,uuid:1433208f-d34a-4380-a58f-e5c4f77fe3a7,uuid:1433208f-d34a-4380-a58f-e5c4f77fe3a7,337,Bester RSS2,4,4
2021-11-24T15:26:37.638Z,Tobias,2021-11-24T13:50:00.000+03:00,-0.1498779,34.9252898,1164.0737364596037,3.9,178,Monocropping,,,,,,,,,Rice,,Vegetative_maize,,1637751151797.jpg,1637751159899.jpg,1637751169577.jpg,1637751177925.jpg,To north west,uuid:8d286ca8-c53b-4268-9f81-e214eb9705e2,uuid:8d286ca8-c53b-4268-9f81-e214eb9705e2,337,Bester RSS2,4,4
2021-11-24T15:26:24.458Z,Tobias,2021-11-24T13:45:00.000+03:00,-0.1514217,34.92323,1185.9868277529579,4.1,177,Monocropping,,,,,,,,,Rice,,Vegetative_maize,,1637750930833.jpg,1637750939329.jpg,1637750948293.jpg,1637750957929.jpg,To north west,uuid:145effa5-eb5e-4268-97f0-621474f486c5,uuid:145effa5-eb5e-4268-97f0-621474f486c5,337,Bester RSS2,4,4
2021-11-24T15:26:12.724Z,Tobias,2021-11-24T13:41:00.000+03:00,-0.1536156,34.9258753,1170.0997985327767,3.66,176,Monocropping,,,,,,,,,Rice,,Vegetative_maize,,1637750591398.jpg,1637750599953.jpg,1637750612383.jpg,1637750623491.jpg,To west,uuid:c03fbd73-99c6-47d5-b577-4f555b7f98a2,uuid:c03fbd73-99c6-47d5-b577-4f555b7f98a2,337,Bester RSS2,4,4
2021-11-24T15:26:00.827Z,Tobias,2021-11-24T13:28:00.000+03:00,-0.1575733,34.91878,1170.859901980828,4.0,175,Monocropping,,,,,,,,,Rice,,Harvesting,,1637749744023.jpg,1637749753258.jpg,1637749763193.jpg,1637749774500.jpg,To south,uuid:bfd04082-9726-46e1-b0e2-fcdeaf6085fa,uuid:bfd04082-9726-46e1-b0e2-fcdeaf6085fa,337,Bester RSS2,4,4
2021-11-24T15:25:49.517Z,Tobias,2021-11-24T13:10:00.000+03:00,-0.1582754,34.9235502,1157.8667990271429,4.28,174,Monocropping,,,,,,,,,Rice,,Emergence,Tillage,1637748899395.jpg,1637748910162.jpg,1637748918015.jpg,1637748926636.jpg,To north,uuid:8f524db8-496c-4c4d-9fc8-a0be049f84f6,uuid:8f524db8-496c-4c4d-9fc8-a0be049f84f6,337,Bester RSS2,4,4
2021-11-24T15:25:42.530Z,Tobias,2021-11-24T13:01:00.000+03:00,-0.1674032,34.9083659,1158.9591095566784,4.8,173,Monocropping,,,,,,,,,Rice,,Harvesting,,1637748221213.jpg,1637748228748.jpg,1637748238045.jpg,1637748247816.jpg,To south east,uuid:5295f663-ce32-4935-b2cf-7206a6e89740,uuid:5295f663-ce32-4935-b2cf-7206a6e89740,337,Bester RSS2,4,4
2021-11-24T15:25:14.892Z,Tobias,2021-11-24T12:58:00.000+03:00,-0.1651517,34.9097833,1153.579412075457,3.9,172,Monocropping,,,,,,,,,Rice,,Harvesting,,1637748022082.jpg,1637748032734.jpg,1637748044514.jpg,1637748055715.jpg,To south east,uuid:6f1d0199-d68d-4727-b58d-aa3357e296ee,uuid:6f1d0199-d68d-4727-b58d-aa3357e296ee,337,Bester RSS2,4,4
2021-11-24T15:24:59.905Z,Tobias,2021-11-24T12:56:00.000+03:00,-0.1631803,34.9118478,1139.313625578737,4.5,171,Monocropping,,,,,,,,,Rice,,Harvesting,,1637747814021.jpg,1637747825976.jpg,1637747837542.jpg,1637747846304.jpg,To south east,uuid:064b5aee-6ab3-41a7-a000-9a50b57bfe02,uuid:064b5aee-6ab3-41a7-a000-9a50b57bfe02,337,Bester RSS2,4,4
2021-11-24T15:24:47.860Z,Tobias,2021-11-24T12:51:00.000+03:00,-0.1611683,34.9139909,1148.8903009882627,4.9,170,Monocropping,,,,,,,,,Rice,,Harvesting,After harvest,1637747557116.jpg,1637747568955.jpg,1637747582063.jpg,1637747590958.jpg,To south east,uuid:5d9727d1-b2b4-493c-9f66-e78b88ca4227,uuid:5d9727d1-b2b4-493c-9f66-e78b88ca4227,337,Bester RSS2,4,4
2021-11-24T15:24:35.310Z,Tobias,2021-11-24T12:43:00.000+03:00,-0.1618603,34.9176087,1146.1169385073244,4.733,169,Monocropping,,,,,,,,,Rice,,Harvesting,Near harvest,1637747152983.jpg,1637747168873.jpg,1637747179980.jpg,1637747189668.jpg,Soouth west,uuid:5f194dff-9aa4-4090-b43a-16b9c5328adb,uuid:5f194dff-9aa4-4090-b43a-16b9c5328adb,337,Bester RSS2,4,4
2021-11-24T15:24:24.067Z,Tobias,2021-11-24T12:33:00.000+03:00,-0.1647392,34.9190651,1151.43134598196,4.8,168,Monocropping,,,,,,,,,Rice,,Vegetative_maize,,1637746447759.jpg,1637746457472.jpg,1637746474778.jpg,1637746486680.jpg,To north west,uuid:13a48b4f-285d-43a1-a970-95a673959c72,uuid:13a48b4f-285d-43a1-a970-95a673959c72,337,Bester RSS2,4,4
2021-11-24T15:24:13.050Z,Tobias,2021-11-24T12:25:00.000+03:00,-0.1664933,34.918005,1153.0058850571527,3.9,167,Monocropping,,,,,,,,,Rice,,Vegetative_maize,,1637746015730.jpg,1637746024832.jpg,1637746035168.jpg,1637746046286.jpg,To north west,uuid:62517b35-bcf1-44a3-9314-ae289b25ef25,uuid:62517b35-bcf1-44a3-9314-ae289b25ef25,337,Bester RSS2,4,4
2021-11-24T15:24:01.551Z,Tobias,2021-11-24T12:18:00.000+03:00,-0.1685733,34.918355,1153.3158466827417,3.9,166,Monocropping,,,,,,,,,Rice,,Vegetative_maize,,1637745603366.jpg,1637745616524.jpg,1637745699118.jpg,1637745711394.jpg,To west,uuid:57910249-bf21-4111-8c55-e92aaf943510,uuid:57910249-bf21-4111-8c55-e92aaf943510,337,Bester RSS2,4,4
2021-11-24T15:23:50.373Z,Tobias,2021-11-24T11:55:00.000+03:00,-0.1891294,34.9533472,1162.1317278508764,4.95,165,Monocropping,,,,,,,,,Rice,,Harvesting,Hrvest in some weeks,1637744208092.jpg,1637744218244.jpg,1637744228711.jpg,1637744240590.jpg,To north west,uuid:6a104dc5-fbc2-4ace-9e16-8acc54660117,uuid:6a104dc5-fbc2-4ace-9e16-8acc54660117,337,Bester RSS2,4,4
2021-11-24T15:23:38.571Z,Tobias,2021-11-24T11:43:00.000+03:00,-0.1901165,34.9556539,1140.5431288784173,4.4,164,Monocropping,,,,,,,,,Rice,,Harvesting,Dry and abandoned with weeds,1637743496676.jpg,1637743507939.jpg,1637743520096.jpg,1637743534625.jpg,To north east,uuid:9a325894-12c4-4d1c-bd1a-6c61c67b2b65,uuid:9a325894-12c4-4d1c-bd1a-6c61c67b2b65,337,Bester RSS2,4,4
2021-11-24T15:23:24.646Z,Tobias,2021-11-24T11:35:00.000+03:00,-0.1918,34.9542967,1159.8749792088222,4.6,163,Monocropping,,,,,,,,,Rice,,Harvesting,Near harvest,1637743046313.jpg,1637743058307.jpg,1637743073911.jpg,1637743083833.jpg,To southeast,uuid:093800c1-dfe4-49b7-b125-a4c6d5df5577,uuid:093800c1-dfe4-49b7-b125-a4c6d5df5577,337,Bester RSS2,4,4
2021-11-24T15:23:12.180Z,Tobias,2021-11-24T11:20:00.000+03:00,-0.2101217,34.953185,1131.3260536291334,4.0,162,Monocropping,,,,,,,,,Rice,,Harvesting,Little before harvesting,1637742099443.jpg,1637742111633.jpg,1637742138580.jpg,1637742150221.jpg,To north,uuid:a6934142-e4a5-4e5a-aef0-cdab6ef207db,uuid:a6934142-e4a5-4e5a-aef0-cdab6ef207db,337,Bester RSS2,4,4
2021-11-24T15:21:27.215Z,Tobias,2021-11-24T11:07:00.000+03:00,-0.2165213,34.9572865,1131.5652067798187,4.8,161,Monocropping,,,,,,,,,Rice,,Emergence,Planting stage,1637741300103.jpg,1637741310462.jpg,1637741323955.jpg,1637741338480.jpg,To west,uuid:5e68fa2e-585d-418b-956a-a5b3ee2a3d89,uuid:5e68fa2e-585d-418b-956a-a5b3ee2a3d89,337,Bester RSS2,4,4
2021-11-24T15:21:14.588Z,Tobias,2021-11-24T10:55:00.000+03:00,-0.2232867,34.9568933,1134.9605667308556,4.5,160,Monocropping,,,,,,,,,Rice,,Vegetative_maize,,1637740643743.jpg,1637740653893.jpg,1637740671481.jpg,1637740682532.jpg,To west,uuid:b6a6b0bf-ddc0-4e38-9aa7-2b58e463e02e,uuid:b6a6b0bf-ddc0-4e38-9aa7-2b58e463e02e,337,Bester RSS2,4,4
2021-11-24T15:21:03.408Z,Tobias,2021-11-24T10:48:00.000+03:00,-0.22902,34.956585,1148.0192196055154,4.1,159,Monocropping,,,,,,,,,Rice,,Harvesting,Nearly harvest,1637740166511.jpg,1637740177307.jpg,1637740186888.jpg,1637740196103.jpg,"To wedt


",uuid:35a6d7bb-f1b0-4b9c-916d-1b8a0f988c6d,uuid:35a6d7bb-f1b0-4b9c-916d-1b8a0f988c6d,337,Bester RSS2,4,4
2021-11-24T15:20:51.678Z,Tobias,2021-11-24T10:26:00.000+03:00,-0.2307328,34.9559218,1158.146023062151,4.766,158,Monocropping,,,,,,,,,Rice,,Vegetative_maize,Mature,1637739058733.jpg,1637739085714.jpg,1637739097751.jpg,1637739110788.jpg,To East soth east,uuid:f98e55d3-270e-47d5-845d-8fa0fa92bbb7,uuid:f98e55d3-270e-47d5-845d-8fa0fa92bbb7,337,Bester RSS2,4,4
2021-11-24T15:20:38.741Z,Tobias,2021-11-24T09:59:00.000+03:00,-0.2358409,34.9625483,1155.5429907849762,3.9,157,Monocropping,,,,,,,,,Rice,,Vegetative_maize,Planted November 21,1637737290744.jpg,1637737321208.jpg,1637737331060.jpg,1637737342273.jpg,To east,uuid:0c078d46-b0d6-4a0d-8a09-680aa39a0482,uuid:0c078d46-b0d6-4a0d-8a09-680aa39a0482,337,Bester RSS2,4,4
2021-11-24T15:20:27.922Z,Tobias,2021-11-24T09:45:00.000+03:00,-0.2337502,34.9627773,1146.8909764750967,4.92,156,Monocropping,,,,,,,,,Rice,,Vegetative_maize,Homogeneous and flooded,1637736384406.jpg,1637736394726.jpg,1637736408413.jpg,1637736417090.jpg,To north east,uuid:e8b2c029-d807-4529-a3b1-0fcc9fbe80b2,uuid:e8b2c029-d807-4529-a3b1-0fcc9fbe80b2,337,Bester RSS2,4,4
2021-11-24T15:20:18.702Z,Tobias,2021-11-24T09:25:00.000+03:00,-0.2370336,34.9695361,1133.582120770984,4.85,155,Monocropping,,,,,,,,,Rice,,Emergence,Before planting,1637735215778.jpg,1637735227758.jpg,1637735250756.jpg,1637735260291.jpg,To north,uuid:aeaae0eb-1e52-484b-8694-64034c9afde5,uuid:aeaae0eb-1e52-484b-8694-64034c9afde5,337,Bester RSS2,4,4
2021-11-24T15:20:08.154Z,Tobias,2021-11-24T08:59:00.000+03:00,-0.2325055,34.9563802,1136.0155629900125,4.933,154,Monocropping,,,,,,,,,Maize,,Vegetative_maize,Weeds and invasive sp affected,1637734121269.jpg,1637734139165.jpg,1637734154024.jpg,1637734165699.jpg,To north west,uuid:97ae12dd-e739-47eb-82e1-4dcbf584e38a,uuid:97ae12dd-e739-47eb-82e1-4dcbf584e38a,337,Bester RSS2,4,4
2021-11-23T19:05:24.859Z,Tobias,2021-11-23T17:13:00.000+03:00,-0.1796971,35.1006056,1269.0683041259435,4.4,153,Monocropping,,,,,,,,,Sugar_Cane,,Vegetative_maize,,1637676950441.jpg,1637676979317.jpg,1637677002152.jpg,1637677012670.jpg,Picto south,uuid:4f634b04-ab55-4de6-a664-f2fb8443c801,uuid:4f634b04-ab55-4de6-a664-f2fb8443c801,337,Bester RSS2,4,4
2021-11-23T19:03:06.888Z,Tobias,2021-11-23T17:05:00.000+03:00,-0.1862094,35.1184254,1309.7282520595716,4.06,152,Intercrop,Maize Legume,,80,,10,,,,,,Vegetative_maize,Tasseling,1637676471008.jpg,1637676480528.jpg,1637676491197.jpg,1637676501471.jpg,Pics to south,uuid:c7b07ae7-a214-4fe8-a0c9-52140cbc1e4f,uuid:c7b07ae7-a214-4fe8-a0c9-52140cbc1e4f,337,Bester RSS2,4,4
2021-11-23T19:02:16.620Z,Tobias,2021-11-23T17:00:00.000+03:00,-0.1890287,35.1250673,1328.7753700867747,4.24,151,Monocropping,,,,,,,,,Sugar_Cane,,Vegetative_maize,,1637676118180.jpg,1637676132340.jpg,1637676146720.jpg,1637676157382.jpg,Pics to South,uuid:4d554158-160c-40e2-87f2-3df345cbbf2e,uuid:4d554158-160c-40e2-87f2-3df345cbbf2e,337,Bester RSS2,4,4
2021-11-23T19:01:11.070Z,Tobias,2021-11-23T16:46:00.000+03:00,-0.1960891,35.1326969,1341.6312240743516,4.925,150,Monocropping,,,,,,,,,Sugar_Cane,,Vegetative_maize,,1637675297335.jpg,1637675308578.jpg,1637675320052.jpg,1637675328894.jpg,Pics to north west ,uuid:79cb476a-2bb7-4609-839e-f9e225f7639c,uuid:79cb476a-2bb7-4609-839e-f9e225f7639c,337,Bester RSS2,4,4
2021-11-23T19:01:00.206Z,Tobias,2021-11-23T16:37:00.000+03:00,-0.1969738,35.144686,1340.7628047103271,3.94,149,Monocropping,,,,,,,,,Sugar_Cane,,Vegetative_maize,Sisal as boundary,1637674826939.jpg,1637674838117.jpg,1637674855336.jpg,1637674869028.jpg,Pics to north west,uuid:6c0631da-b8d0-43f9-8e0b-2d1334d73e49,uuid:6c0631da-b8d0-43f9-8e0b-2d1334d73e49,337,Bester RSS2,4,4
2021-11-23T19:00:46.433Z,Tobias,2021-11-23T16:29:00.000+03:00,-0.2123967,35.1562517,1336.2605126056967,4.8,148,Monocropping,,,,,,,,,Sugar_Cane,,Vegetative_maize,,1637674283223.jpg,1637674295807.jpg,1637674309086.jpg,1637674322877.jpg,Pics to south,uuid:c73acc37-e78d-4617-8af4-07ebbb543f78,uuid:c73acc37-e78d-4617-8af4-07ebbb543f78,337,Bester RSS2,4,4
2021-11-23T19:00:36.332Z,Tobias,2021-11-23T16:23:00.000+03:00,-0.2053579,35.1693765,1323.5328507875238,3.98,147,Monocropping,,,,,,,,,Sugar_Cane,,Emergence,Low weeds,1637673884631.jpg,1637673899783.jpg,1637673918382.jpg,1637673929856.jpg,Pics to south,uuid:0dc42732-bf90-457d-88a8-4b21fc746722,uuid:0dc42732-bf90-457d-88a8-4b21fc746722,337,Bester RSS2,4,4
2021-11-23T19:00:22.643Z,Tobias,2021-11-23T16:12:00.000+03:00,-0.2060736,35.1956825,1415.6861182772745,4.825,146,Monocropping,,,,,,,,,Sugar_Cane,,Vegetative_maize,Tall,1637673226731.jpg,1637673238098.jpg,1637673255613.jpg,1637673264796.jpg,Flowering pic to north,uuid:6bc262ac-1804-4022-908a-bd116262c626,uuid:6bc262ac-1804-4022-908a-bd116262c626,337,Bester RSS2,4,4
2021-11-23T19:00:10.921Z,Tobias,2021-11-23T16:03:00.000+03:00,-0.2032933,35.1876817,1396.6307755946689,3.9,145,Monocropping,,,,,,,,,Sugar_Cane,,Vegetative_maize,Near emergence,1637672692396.jpg,1637672702506.jpg,1637672713124.jpg,1637672724269.jpg,To south,uuid:5fb59e71-463e-4d58-a397-85329ee1deff,uuid:5fb59e71-463e-4d58-a397-85329ee1deff,337,Bester RSS2,4,4
2021-11-23T18:59:58.522Z,Tobias,2021-11-23T15:58:00.000+03:00,-0.1926627,35.1809859,1381.7020477841438,4.7,144,Monocropping,,,,,,,,,Sugar_Cane,,Vegetative_maize,,1637672343321.jpg,1637672354360.jpg,1637672371560.jpg,1637672384905.jpg,Pics tosouth,uuid:f334457b-6b29-4f63-b6f5-b50726fd4b9c,uuid:f334457b-6b29-4f63-b6f5-b50726fd4b9c,337,Bester RSS2,4,4
2021-11-23T18:59:48.418Z,Tobias,2021-11-23T15:36:00.000+03:00,-0.177255,35.1772,1307.8710308144016,3.9,143,Monocropping,,,,,,,,,Sugar_Cane,,Emergence,,1637671118849.jpg,1637671132759.jpg,1637671148084.jpg,1637671159060.jpg,Pics to south,uuid:17fb86aa-e579-479f-95fe-c68fa1da409a,uuid:17fb86aa-e579-479f-95fe-c68fa1da409a,337,Bester RSS2,4,4
2021-11-23T18:59:37.293Z,Tobias,2021-11-23T15:27:00.000+03:00,-0.1719869,35.1795269,1314.3757086422054,4.16,142,Monocropping,,,,,,,,,Sugar_Cane,,Vegetative_maize,,1637670555074.jpg,1637670569525.jpg,1637670585735.jpg,1637670598842.jpg,Pics to south west,uuid:c74720c3-9663-4d81-bbe7-dd556630b21d,uuid:c74720c3-9663-4d81-bbe7-dd556630b21d,337,Bester RSS2,4,4
2021-11-23T18:59:15.872Z,Tobias,2021-11-23T15:11:00.000+03:00,-0.1694746,35.1503591,1272.0973724041944,4.8,141,Monocropping,,,,,,,,,Sugar_Cane,,Vegetative_maize,Sisal as boundary crop,1637669624666.jpg,1637669634598.jpg,1637669681164.jpg,1637669699721.jpg,Pics towards west,uuid:20decd53-f37b-450b-87ba-cd06ce37c826,uuid:20decd53-f37b-450b-87ba-cd06ce37c826,337,Bester RSS2,4,4
2021-11-23T18:58:50.049Z,Tobias,2021-11-23T15:00:00.000+03:00,-0.1687636,35.1600688,1283.1929025585466,4.02,140,Monocropping,,,,,,,,,Sugar_Cane,,Vegetative_maize,Mature,1637668934053.jpg,1637668947831.jpg,1637668961915.jpg,1637668976868.jpg,Pics towards west,uuid:59966273-d84d-4ada-89f3-f7830dca6b37,uuid:59966273-d84d-4ada-89f3-f7830dca6b37,337,Bester RSS2,4,4
2021-11-23T18:49:06.101Z,Tobias,2021-11-23T14:44:00.000+03:00,-0.170822,35.1710824,1285.9381994371229,4.28,139,Monocropping,,,,,,,,,Sugar_Cane,,Emergence,With some weeds,1637668030861.jpg,1637668049039.jpg,1637668064435.jpg,1637668080731.jpg,"Pics r
Pics towards south",uuid:36368cd8-17b3-4962-8f5c-794a13dc2c38,uuid:36368cd8-17b3-4962-8f5c-794a13dc2c38,337,Bester RSS2,4,4
2021-11-23T18:42:23.004Z,Bester,2021-11-23T14:34:00.000+03:00,-0.1677083,35.1784667,1284.5198959832896,4.1,138,Monocropping,,,,,,,,,Sugar_Cane,,Vegetative_maize,Mature,1637667479138.jpg,1637667492312.jpg,1637667516213.jpg,1637667529486.jpg,Pics towards north,uuid:d5206254-fd84-4d05-adc0-eac486ce4971,uuid:d5206254-fd84-4d05-adc0-eac486ce4971,337,Bester RSS2,4,4
2021-11-23T18:27:14.272Z,Bester,2021-11-23T14:26:00.000+03:00,-0.1596732,35.1839457,1295.6475648336102,4.86,137,Monocropping,,,,,,,,,Sugar_Cane,,Vegetative_maize,Mature,1637666894907.jpg,1637666918941.jpg,1637666937828.jpg,1637666972131.jpg,Towards north,uuid:2dce97cd-a7c0-416c-8624-519f47be6c7e,uuid:2dce97cd-a7c0-416c-8624-519f47be6c7e,337,Bester RSS2,4,4
2021-11-23T18:24:11.627Z,Tobias,2021-11-23T14:05:00.000+03:00,-0.1641253,35.2146652,1306.5661692115748,4.866,136,Monocropping,,,,,,,,,Sugar_Cane,,Vegetative_maize,Early stage,1637665618574.jpg,1637665635449.jpg,1637665650134.jpg,1637665666199.jpg,Pics facing west,uuid:b3b5e766-1289-41ce-8ddf-faee9a7de381,uuid:b3b5e766-1289-41ce-8ddf-faee9a7de381,337,Bester RSS2,4,4
2021-11-23T18:23:54.709Z,Bester,2021-11-23T13:43:00.000+03:00,-0.1545656,35.2202947,1340.4222487715097,4.32,135,Monocropping,,,,,,,,,Sugar_Cane,,Vegetative_maize,Many weeds,1637664380655.jpg,1637664395400.jpg,1637664419511.jpg,1637664437653.jpg,"Photos facing north, behind or south is s freshly harvested sc field",uuid:7385014e-0dec-4311-90a1-6c59db937a7b,uuid:7385014e-0dec-4311-90a1-6c59db937a7b,337,Bester RSS2,4,4
2021-11-23T18:23:40.256Z,Bester,2021-11-23T13:25:00.000+03:00,-0.1667598,35.227778,1328.8287362317462,4.16,134,Monocropping,,,,,,,,,Sugar_Cane,,Vegetative_maize,Huge tracks of grown sugar cane,1637663231726.jpg,1637663247465.jpg,1637663271329.jpg,1637663285885.jpg,Ready sugarcane,uuid:a9066398-e1a5-41d8-8966-d556fd76d190,uuid:a9066398-e1a5-41d8-8966-d556fd76d190,337,Bester RSS2,4,4
2021-11-23T18:23:19.216Z,Bester,2021-11-23T13:07:00.000+03:00,-0.1852888,35.2336727,1380.5382854845113,4.766,133,Monocropping,,,,,,,,,Sugar_Cane,,Emergence,High emergence; point at edge also photos,1637662499160.jpg,1637662523888.jpg,1637662547839.jpg,1637662566623.jpg,,uuid:f3c7b9cf-73b2-497c-91c3-535f0f242984,uuid:f3c7b9cf-73b2-497c-91c3-535f0f242984,337,Bester RSS2,4,4
